alpha_deg,Cl,Cl_std,Cl_lo,Cl_hi,Cd,Cd_std,Cd_lo,Cd_hi,L_over_D
-5,-0.416412,0.0179761,-0.452365,-0.38046,0.0130028,0.00101864,0.0111171,0.0152084,-32.0248
-4.75,-0.389391,0.0178067,-0.425005,-0.353778,0.0123584,0.000875544,0.0107257,0.0142396,-31.5083
-4.5,-0.362325,0.0176641,-0.397653,-0.326997,0.0117736,0.00074939,0.0103663,0.0133719,-30.7745
-4.25,-0.335219,0.017544,-0.370307,-0.300131,0.0112449,0.000637827,0.0100389,0.0125957,-29.8108
-4,-0.308078,0.017443,-0.342964,-0.273192,0.0107691,0.000538882,0.00974355,0.0119027,-28.6075
-3.75,-0.280906,0.0173578,-0.315622,-0.246191,0.0103434,0.000450933,0.00947971,0.0112857,-27.1581
-3.5,-0.253708,0.0172857,-0.288279,-0.219136,0.00996493,0.000372675,0.00924677,0.0107389,-25.4601
-3.25,-0.226487,0.0172245,-0.260936,-0.192038,0.00963127,0.000303116,0.00904373,0.010257,-23.5158
-3,-0.199249,0.0171723,-0.233593,-0.164904,0.00934007,0.000241615,0.00886913,0.00983602,-21.3327
-2.75,-0.171997,0.0171275,-0.206252,-0.137742,0.00908908,0.000187983,0.00872078,0.00947293,-18.9234
-2.5,-0.144735,0.0170888,-0.178913,-0.110558,0.00887611,0.000142762,0.00859513,0.00916628,-16.3062
-2.25,-0.117469,0.0170551,-0.151579,-0.0833583,0.008699,0.000107796,0.00848606,0.00891728,-13.5037
-2,-0.0902004,0.0170258,-0.124252,-0.0561489,0.0085555,8.67505e-05,0.00838374,0.00873077,-10.543
-1.75,-0.0629349,0.017,-0.0969349,-0.028935,0.00844324,8.26559e-05,0.00827954,0.00861018,-7.45388
-1.5,-0.0356759,0.0169772,-0.0696303,-0.00172147,0.0083597,9.20516e-05,0.00817761,0.00854585,-4.2676
-1.25,-0.0084269,0.016957,-0.0423409,0.0254871,0.00830219,0.000107479,0.00808999,0.00851996,-1.01502
-1,0.0188085,0.016939,-0.0150694,0.0526864,0.00826796,0.000123776,0.00802408,0.00851925,2.27487
-0.75,0.0460271,0.0169228,0.0121815,0.0798726,0.00825424,0.000138495,0.00798184,0.00853593,5.57618
-0.5,0.0732258,0.0169081,0.0394095,0.107042,0.00825833,0.000150597,0.00796256,0.00856508,8.8669
-0.25,0.100402,0.0168948,0.0666122,0.134192,0.00827763,0.000159715,0.00796428,0.0086033,12.1293
0,0.127553,0.0168827,0.0937876,0.161318,0.0083097,0.000165848,0.00798454,0.00864811,15.3499
0.25,0.154677,0.0168715,0.120934,0.18842,0.00835227,0.000169227,0.00802058,0.00869767,18.5191
0.5,0.181772,0.0168612,0.148049,0.215494,0.00840327,0.00017025,0.00806957,0.00875076,21.6311
0.75,0.208836,0.0168517,0.175133,0.24254,0.00846086,0.000169417,0.00812872,0.00880657,24.6826
1,0.235869,0.0168431,0.202183,0.269555,0.00852348,0.000167267,0.00819542,0.00886466,27.6728
1.25,0.262869,0.0168352,0.229198,0.296539,0.00858985,0.000164293,0.00826747,0.0089248,30.6022
1.5,0.289835,0.0168281,0.256179,0.323491,0.00865905,0.000160872,0.00834321,0.00898685,33.4719
1.75,0.316767,0.0168219,0.283123,0.35041,0.00873047,0.000157225,0.00842161,0.00905065,36.2829
2,0.343664,0.0168165,0.310031,0.377297,0.00880382,0.000153423,0.00850226,0.00911608,39.0358
2.25,0.370526,0.0168122,0.336902,0.404151,0.00887909,0.000149441,0.00858519,0.00918306,41.7302
2.5,0.397354,0.0168088,0.363736,0.430971,0.00895647,0.000145214,0.0086707,0.00925166,44.365
2.75,0.424146,0.0168064,0.390533,0.457759,0.00903627,0.000140665,0.00875927,0.00932202,46.9382
3,0.450903,0.016805,0.417293,0.484513,0.00911888,0.000135678,0.00885152,0.00939431,49.4472
3.25,0.477624,0.0168046,0.444015,0.511234,0.00920472,0.000130053,0.00894825,0.00946853,51.8891
3.5,0.504311,0.0168053,0.4707,0.537921,0.00929422,0.000123492,0.00905049,0.00954451,54.2607
3.75,0.530962,0.0168069,0.497348,0.564576,0.00938778,0.000115641,0.00915933,0.00962194,56.5588
4,0.557577,0.0168096,0.523958,0.591196,0.00948579,0.000106229,0.00927569,0.00970064,58.7803
4.25,0.584156,0.0168132,0.55053,0.617783,0.00958856,9.52757e-05,0.00939989,0.00978101,60.9223
4.5,0.610699,0.0168178,0.577063,0.644334,0.00969637,8.34186e-05,0.00953096,0.00986466,62.9822
4.75,0.637203,0.0168234,0.603556,0.67085,0.00980948,7.24123e-05,0.00966572,0.00995538,64.9579
5,0.663668,0.01683,0.630008,0.697328,0.00992805,6.56574e-05,0.0097976,0.0100602,66.8477
5.25,0.69009,0.0168375,0.656415,0.723765,0.0100522,6.73302e-05,0.00991848,0.0101878,68.6503
5.5,0.716467,0.016846,0.682775,0.750159,0.0101822,7.88288e-05,0.0100257,0.0103411,70.3649
5.75,0.742795,0.0168554,0.709085,0.776506,0.0103179,9.78029e-05,0.0101242,0.0105154,71.9907
6,0.76907,0.0168656,0.735339,0.802801,0.0104597,0.000121392,0.0102197,0.0107053,73.5271
6.25,0.795285,0.0168766,0.761532,0.829038,0.0106076,0.000147814,0.010316,0.0109074,74.9732
6.5,0.821434,0.0168882,0.787657,0.85521,0.0107619,0.000176125,0.0104154,0.01112,76.3276
6.75,0.847509,0.0169004,0.813708,0.88131,0.0109231,0.000205775,0.0105192,0.0113425,77.5884
7,0.873501,0.0169131,0.839675,0.907328,0.0110916,0.000236326,0.0106289,0.0115745,78.7533
7.25,0.899401,0.016926,0.865549,0.933253,0.0112679,0.000267326,0.0107458,0.0118155,79.8195
7.5,0.925197,0.0169391,0.891319,0.959076,0.0114527,0.000298263,0.0108715,0.0120651,80.784
7.75,0.950878,0.0169523,0.916973,0.984782,0.0116467,0.000328581,0.0110077,0.0123227,81.6439
8,0.976429,0.0169654,0.942498,1.01036,0.0118504,0.000357716,0.0111561,0.0125879,82.3964
8.25,1.00184,0.0169783,0.96788,1.03579,0.0120646,0.000385141,0.0113184,0.01286,83.0392
8.5,1.02709,0.0169912,0.993105,1.06107,0.0122901,0.000410418,0.011496,0.0131389,83.5705
8.75,1.05216,0.0170038,1.01816,1.08617,0.0125274,0.000433228,0.0116902,0.0134245,83.989
9,1.07705,0.0170164,1.04302,1.11108,0.0127772,0.000453399,0.0119019,0.013717,84.2943
9.25,1.10173,0.0170289,1.06767,1.13579,0.0130403,0.000470922,0.0121316,0.014017,84.4866
9.5,1.12618,0.0170416,1.0921,1.16026,0.0133171,0.000485944,0.0123798,0.0143253,84.5667
9.75,1.15039,0.0170544,1.11628,1.1845,0.0136083,0.00049874,0.0126465,0.0146432,84.5363
10,1.17434,0.0170677,1.14021,1.20848,0.0139144,0.000509667,0.0129315,0.014972,84.3976
10.25,1.19802,0.0170816,1.16386,1.23218,0.0142361,0.000519103,0.0132349,0.0153131,84.1534
10.5,1.2214,0.0170963,1.1872,1.25559,0.0145739,0.000527369,0.0135565,0.0156678,83.807
10.75,1.24446,0.0171121,1.21024,1.27869,0.0149284,0.000534667,0.0138964,0.0160369,83.3624
11,1.2672,0.0171293,1.23294,1.30146,0.0153,0.000541044,0.0142553,0.0164213,82.8236
11.25,1.2896,0.0171481,1.2553,1.32389,0.0156895,0.000546408,0.0146338,0.0168212,82.1952
11.5,1.31163,0.0171689,1.2773,1.34597,0.0160973,0.000550607,0.0150329,0.0172371,81.4814
11.75,1.3333,0.0171922,1.29891,1.36768,0.0165244,0.000553572,0.0154535,0.0176695,80.6866
12,1.35458,0.0172184,1.32014,1.38901,0.0169715,0.000555528,0.015896,0.0181197,79.8147
12.25,1.37546,0.0172483,1.34096,1.40996,0.0174398,0.000557244,0.0163602,0.0185907,78.8688
12.5,1.39593,0.0172826,1.36137,1.4305,0.0179308,0.000560317,0.0168444,0.0190872,77.8514
12.75,1.416,0.0173226,1.38135,1.45064,0.0184462,0.000567412,0.0173456,0.0196166,76.7636
13,1.43563,0.0173694,1.40089,1.47037,0.0189884,0.000582377,0.0178586,0.0201896,75.6058
13.25,1.45484,0.0174248,1.41999,1.48969,0.0195604,0.000610045,0.0183775,0.0208193,74.3771
13.5,1.47362,0.0174908,1.43864,1.5086,0.0201657,0.000655643,0.0188961,0.0215205,73.0755
13.75,1.49196,0.0175699,1.45682,1.5271,0.0208087,0.000723958,0.01941,0.0223081,71.6988
14,1.50986,0.0176649,1.47453,1.54519,0.0214943,0.000818726,0.0199177,0.0231958,70.2443
14.25,1.52732,0.0177792,1.49176,1.56287,0.0222285,0.000942582,0.0204211,0.0241959,68.7097
14.5,1.54434,0.0179168,1.5085,1.58017,0.0230178,0.00109752,0.0209241,0.0253209,67.0933
14.75,1.56092,0.0180821,1.52475,1.59708,0.0238693,0.00128551,0.0214319,0.0265839,65.3944
15,1.57706,0.01828,1.5405,1.61362,0.0247912,0.00150894,0.0219498,0.0280005,63.6138
