task,family,target,n_test,R2,RMSE,MAE,spearman,rel_err_mean,rel_err_median,gp_coverage_2sigma
full,gp,Cl,200,0.999265,0.0157022,0.0101904,0.999463,0.0447269,0.0106976,0.95
full,gp,Cd,200,0.980554,0.000659035,0.000195356,0.979934,0.015805,0.00586611,0.95
full,rf,Cl,200,0.992125,0.0514013,0.0364875,0.996127,0.114279,0.0458729,
full,rf,Cd,200,0.949198,0.00106522,0.000632261,0.979682,0.043395,0.0303886,
full,mlp,Cl,200,0.998362,0.0234442,0.0170171,0.998896,0.0767848,0.018637,
full,mlp,Cd,200,0.978539,0.000692338,0.000393813,0.99314,0.0279274,0.0183352,
full,krg,Cl,200,0.999265,0.0157046,0.0102546,0.999517,0.0428791,0.00902952,
full,krg,Cd,200,0.987168,0.000535367,0.000206066,0.985231,0.0162029,0.00712703,
scarce,gp,Cl,200,0.998665,0.0211668,0.0144513,0.999157,0.0530429,0.0144554,0.95
scarce,gp,Cd,200,0.930565,0.00124534,0.00051071,0.932449,0.043295,0.0167788,0.94
scarce,rf,Cl,200,0.976681,0.0884537,0.0660253,0.989852,0.216818,0.0799271,
scarce,rf,Cd,200,0.911246,0.00140797,0.000915845,0.948396,0.0688298,0.0459481,
scarce,mlp,Cl,200,0.993013,0.0484171,0.0340041,0.996325,0.127424,0.0393072,
scarce,mlp,Cd,200,0.945841,0.00109985,0.000521784,0.988996,0.0338848,0.0203454,
scarce,krg,Cl,200,0.998511,0.022354,0.0154133,0.999131,0.0571232,0.0182116,
scarce,krg,Cd,200,0.938479,0.00117222,0.000583083,0.972669,0.0424701,0.011244,
reynolds,gp,Cl,496,0.998894,0.0190952,0.0129261,0.999407,0.0498284,0.0125238,0.929435
reynolds,gp,Cd,496,0.907504,0.00153378,0.00035021,0.95365,0.0280233,0.00802769,0.945565
reynolds,rf,Cl,496,0.99165,0.0524695,0.039017,0.996054,0.149721,0.0460077,
reynolds,rf,Cd,496,0.857962,0.00190066,0.00092201,0.96208,0.0611911,0.0460396,
reynolds,mlp,Cl,496,0.996103,0.0358441,0.0278757,0.998073,0.118317,0.0332429,
reynolds,mlp,Cd,496,0.894082,0.0016413,0.000844215,0.964551,0.0630775,0.0445656,
reynolds,krg,Cl,496,0.998822,0.019707,0.0135888,0.999353,0.05239,0.0152383,
reynolds,krg,Cd,496,0.720677,0.00266536,0.000811765,0.935777,0.0664753,0.0222565,
aoa,gp,Cl,196,0.999453,0.0198698,0.0135772,0.998425,0.072564,0.0140541,0.938776
aoa,gp,Cd,196,0.829137,0.00326704,0.000590619,0.962435,0.0204053,0.00563717,0.892857
aoa,rf,Cl,196,0.953611,0.183006,0.163725,0.978261,0.840579,0.354882,
aoa,rf,Cd,196,0.626968,0.00482729,0.00230502,0.910489,0.0970823,0.0490985,
aoa,mlp,Cl,196,0.998514,0.0327574,0.0255197,0.997037,0.134221,0.0374556,
aoa,mlp,Cd,196,0.800492,0.00353029,0.00104313,0.947258,0.0474954,0.0314257,
aoa,krg,Cl,196,0.999418,0.0205054,0.0151997,0.998355,0.0806038,0.0219632,
aoa,krg,Cd,196,0.829722,0.00326145,0.000585209,0.962545,0.0203592,0.00646845,
