task,family,quantity,n_test,n_modes,RMSE,MAE,R2_station_mean,R2_flat,coverage_2sigma,suction_peak_MAE,mean_rel_p,mean_rel_wss_x,mean_rel_wss_y,curve_int_Cl_rel_err_median,curve_int_Cd_rel_err_median,n_separated_true,separation_detect_accuracy,separation_xc_MAE
full,gp,Cp,200,20,0.0624892,0.013835,0.989398,0.996694,0.960446,0.103196,2.01821,0.462449,0.429136,0.00896172,0.0783779,,,
full,gp,Cf,200,20,0.000847552,0.000159847,0.965482,0.978894,0.959257,,,,,,,32,0.97,0.0152361
full,rf,Cp,200,20,0.190568,0.0609325,0.894824,0.969252,,0.485036,1.71169,0.645011,0.637996,0.0710876,0.501109,,,
full,rf,Cf,200,20,0.0015306,0.000398831,0.828792,0.931167,,,,,,,,32,0.93,0.031747
full,mlp,Cp,200,20,0.116852,0.0395426,0.98247,0.988439,,0.237798,1.37305,0.664921,0.595667,0.0481776,0.514013,,,
full,mlp,Cf,200,20,0.00108277,0.000250409,0.961266,0.965553,,,,,,,,32,0.98,0.019423
full,krg,Cp,200,20,0.0408289,0.0139872,0.988522,0.998589,0.876832,0.0742242,2.14391,0.499811,0.551829,0.0154029,0.0635424,,,
full,krg,Cf,200,20,0.000870907,0.000178056,0.962799,0.977715,0.868243,,,,,,,32,0.96,0.0136144
scarce,gp,Cp,200,20,0.10961,0.0334285,0.958384,0.989828,0.934431,0.15056,8.74526,0.860206,0.735989,0.0305251,0.149671,,,
scarce,gp,Cf,200,20,0.00170999,0.000336206,0.909643,0.914086,0.962574,,,,,,,32,0.965,0.0317278
scarce,rf,Cp,200,20,0.210713,0.0846431,0.793026,0.962407,,0.5262,10.9508,0.763892,0.878021,0.148097,0.735234,,,
scarce,rf,Cf,200,20,0.00210527,0.000506647,0.738462,0.869775,,,,,,,,32,0.905,0.0470418
scarce,mlp,Cp,200,20,0.251161,0.0828342,0.943638,0.94659,,0.597699,2.8329,1.54827,1.68478,0.0964667,1.2427,,,
scarce,mlp,Cf,200,20,0.00208862,0.000443779,0.909416,0.871828,,,,,,,,32,0.915,0.030662
scarce,krg,Cp,200,20,0.111628,0.0313942,0.958076,0.98945,0.90104,0.141179,0.725419,1.22144,0.911563,0.0299038,0.149088,,,
scarce,krg,Cf,200,20,0.00192435,0.000416775,0.873287,0.891196,0.923366,,,,,,,32,0.945,0.0435083
reynolds,gp,Cp,496,20,0.132919,0.0332671,0.957383,0.985218,0.940893,0.143691,2.30589,0.531954,1.39323,0.0302208,0.14361,,,
reynolds,gp,Cf,496,20,0.000946496,0.000284779,0.870567,0.975125,0.954457,,,,,,,85,0.949597,0.0234182
reynolds,rf,Cp,496,20,0.173873,0.0650462,0.886498,0.974705,,0.460906,4.08908,0.714636,0.940319,0.0822992,0.611532,,,
reynolds,rf,Cf,496,20,0.00166275,0.000509453,0.773368,0.923234,,,,,,,,85,0.919355,0.0342427
reynolds,mlp,Cp,496,20,0.203705,0.0805216,0.942039,0.96528,,0.443919,6.52841,1.21201,2.24169,0.0901601,1.10793,,,
reynolds,mlp,Cf,496,20,0.00181747,0.000421192,0.916855,0.908283,,,,,,,,85,0.931452,0.0231339
reynolds,krg,Cp,496,20,0.116755,0.0282405,0.970027,0.988594,0.908915,0.14828,1.82015,0.574107,1.23989,0.0236725,0.182748,,,
reynolds,krg,Cf,496,20,0.000971325,0.00031102,0.8664,0.973803,0.891448,,,,,,,85,0.939516,0.0215565
aoa,gp,Cp,196,20,0.125886,0.0285363,0.968407,0.993756,0.908593,0.220033,0.740718,0.607988,0.843876,0.0313692,0.140946,,,
aoa,gp,Cf,196,20,0.00127114,0.00038015,0.854511,0.976058,0.954637,,,,,,,54,0.918367,0.0389689
aoa,rf,Cp,196,20,0.394192,0.15965,0.839987,0.938776,,1.28089,2.24168,1.11114,1.2765,0.51824,1.21529,,,
aoa,rf,Cf,196,20,0.00260534,0.000842382,0.711828,0.899422,,,,,,,,54,0.841837,0.0850446
aoa,mlp,Cp,196,20,0.174875,0.0618744,0.968841,0.987951,,0.448263,0.953409,0.572995,0.655806,0.0734797,0.874235,,,
aoa,mlp,Cf,196,20,0.00174997,0.000420432,0.884098,0.954623,,,,,,,,54,0.903061,0.0275221
aoa,krg,Cp,196,20,0.117583,0.0232831,0.974471,0.994553,0.866236,0.18601,0.52783,0.684681,0.900424,0.0165529,0.120947,,,
aoa,krg,Cf,196,20,0.00132121,0.000414222,0.848473,0.974135,0.923874,,,,,,,54,0.918367,0.0365536
